concept,first_digits,last_str
00001_aardvark,1,aardvark
00002_abacus,2,abacus
00003_accordion,3,accordion
00004_acorn,4,acorn
00005_air_conditioner,5,air_conditioner
00006_air_mattress,6,air_mattress
00007_air_pump,7,air_pump
00008_airbag,8,airbag
00009_airboat,9,airboat
00010_aircraft_carrier,10,aircraft_carrier
00011_airplane,11,airplane
00012_album,12,album
00013_alligator,13,alligator
00014_almond,14,almond
00015_aloe,15,aloe
00016_alpaca,16,alpaca
00017_altar,17,altar
00018_aluminum_foil,18,aluminum_foil
00019_amber,19,amber
00020_ambulance,20,ambulance
00021_amplifier,21,amplifier
00022_anchor,22,anchor
00023_ankle,23,ankle
00024_anklet,24,anklet
00025_ant,25,ant
00026_anteater,26,anteater
00027_antelope,27,antelope
00028_antenna,28,antenna
00029_anvil,29,anvil
00030_appetizer,30,appetizer
00031_apple,31,apple
00032_apple_tree,32,apple_tree
00033_applesauce,33,applesauce
00034_apron,34,apron
00035_aquarium,35,aquarium
00036_arch,36,arch
00037_arm,37,arm
00038_armor,38,armor
00039_arrow,39,arrow
00040_artichoke,40,artichoke
00041_arugula,41,arugula
00042_ashtray,42,ashtray
00043_asparagus,43,asparagus
00044_avocado,44,avocado
00045_awning,45,awning
00046_axe,46,axe
00047_baby,47,baby
00048_backdrop,48,backdrop
00049_backgammon,49,backgammon
00050_backpack,50,backpack
00051_backscratcher,51,backscratcher
00052_bacon,52,bacon
00053_badge,53,badge
00054_badger,54,badger
00055_bag,55,bag
00056_bagel,56,bagel
00057_bagpipe,57,bagpipe
00058_baklava,58,baklava
00059_balance_beam,59,balance_beam
00060_ball,60,ball
00061_balloon,61,balloon
00062_ballot_box,62,ballot_box
00063_bamboo,63,bamboo
00064_banana,64,banana
00065_banana_peel,65,banana_peel
00066_banana_split,66,banana_split
00067_bandage,67,bandage
00068_bandanna,68,bandanna
00069_banjo,69,banjo
00070_bank,70,bank
00071_banner,71,banner
00072_barbed_wire,72,barbed_wire
00073_barbell,73,barbell
00074_barcode,74,barcode
00075_bark,75,bark
00076_barnacle,76,barnacle
00077_barrel,77,barrel
00078_barrette,78,barrette
00079_baseball,79,baseball
00080_baseball_bat,80,baseball_bat
00081_baseball_glove,81,baseball_glove
00082_basil,82,basil
00083_basket,83,basket
00084_basketball,84,basketball
00085_basketball_hoop,85,basketball_hoop
00086_bassinet,86,bassinet
00087_bassoon,87,bassoon
00088_bat1,88,
00089_bat2,89,
00090_bathmat,90,bathmat
00091_bathrobe,91,bathrobe
00092_bathtub,92,bathtub
00093_baton1,93,
00094_baton2,94,
00095_baton3,95,
00096_baton4,96,
00097_batter,97,batter
00098_battery,98,battery
00099_bazooka,99,bazooka
00100_beachball,100,beachball
00101_bead,101,bead
00102_beaker,102,beaker
00103_bean,103,bean
00104_beanbag,104,beanbag
00105_beanie,105,beanie
00106_bear,106,bear
00107_beard,107,beard
00108_beaver,108,beaver
00109_bed,109,bed
00110_bedpan,110,bedpan
00111_bedpost,111,bedpost
00112_bee,112,bee
00113_beehive,113,beehive
00114_beer,114,beer
00115_beet,115,beet
00116_beetle,116,beetle
00117_bell,117,bell
00118_bell_pepper,118,bell_pepper
00119_belt,119,belt
00120_belt_buckle,120,belt_buckle
00121_bench,121,bench
00122_berry,122,berry
00123_bib,123,bib
00124_bike,124,bike
00125_bikini,125,bikini
00126_bin,126,bin
00127_binder,127,binder
00128_binoculars,128,binoculars
00129_bird,129,bird
00130_birdbath,130,birdbath
00131_birdcage,131,birdcage
00132_birdhouse,132,birdhouse
00133_birthday_cake,133,birthday_cake
00134_biscuit,134,biscuit
00135_bison,135,bison
00136_blackberry,136,blackberry
00137_blanket,137,blanket
00138_blazer,138,blazer
00139_blender,139,blender
00140_blimp,140,blimp
00141_blind,141,blind
00142_blinder,142,blinder
00143_blindfold,143,blindfold
00144_block,144,block
00145_blouse,145,blouse
00146_blower,146,blower
00147_blowfish,147,blowfish
00148_blowgun,148,blowgun
00149_blowtorch,149,blowtorch
00150_blueberry,150,blueberry
00151_boa,151,boa
00152_boar,152,boar
00153_board,153,board
00154_board_game,154,board_game
00155_boat,155,boat
00156_bobsled,156,bobsled
00157_bok_choy,157,bok_choy
00158_bolo_tie,158,bolo_tie
00159_bologna,159,bologna
00160_bolt,160,bolt
00161_bomb,161,bomb
00162_bone,162,bone
00163_bongo,163,bongo
00164_bonnet,164,bonnet
00165_bonsai,165,bonsai
00166_book,166,book
00167_bookmark,167,bookmark
00168_bookshelf,168,bookshelf
00169_boomerang,169,boomerang
00170_boot,170,boot
00171_bottle,171,bottle
00172_bottle_opener,172,bottle_opener
00173_boulder,173,boulder
00174_bouquet,174,bouquet
00175_bow1,175,
00176_bow2,176,
00177_bow3,177,
00178_bowl,178,bowl
00179_bowler_hat,179,bowler_hat
00180_bowling_ball,180,bowling_ball
00181_bowtie,181,bowtie
00182_box,182,box
00183_boxer_shorts,183,boxer_shorts
00184_boxing_gloves,184,boxing_gloves
00185_boy,185,boy
00186_bra,186,bra
00187_brace,187,brace
00188_bracelet1,188,
00189_bracelet2,189,
00190_bracket,190,bracket
00191_braid,191,braid
00192_brake,192,brake
00193_branch,193,branch
00194_brass_knuckles,194,brass_knuckles
00195_bread,195,bread
00196_breadbox,196,breadbox
00197_breadstick,197,breadstick
00198_breakfast,198,breakfast
00199_breathalyzer,199,breathalyzer
00200_brick,200,brick
00201_briefcase,201,briefcase
00202_broccoli,202,broccoli
00203_brooch,203,brooch
00204_broom,204,broom
00205_brownie,205,brownie
00206_brush,206,brush
00207_brussels_sprouts,207,brussels_sprouts
00208_bubble,208,bubble
00209_bubble_wrap,209,bubble_wrap
00210_bucket,210,bucket
00211_buckle,211,buckle
00212_buffet,212,buffet
00213_bug,213,bug
00214_buggy,214,buggy
00215_bull,215,bull
00216_bulldozer,216,bulldozer
00217_bullet,217,bullet
00218_bulletin_board,218,bulletin_board
00219_bulletproof_vest,219,bulletproof_vest
00220_bumper,220,bumper
00221_bun,221,bun
00222_bungee,222,bungee
00223_bunkbed,223,bunkbed
00224_buoy,224,buoy
00225_burner,225,burner
00226_burrito,226,burrito
00227_bus,227,bus
00228_bush,228,bush
00229_butter,229,butter
00230_butterfly,230,butterfly
00231_button1,231,
00232_button2,232,
00233_cabbage,233,cabbage
00234_cabinet,234,cabinet
00235_cable,235,cable
00236_cactus,236,cactus
00237_cage,237,cage
00238_cake,238,cake
00239_cake_mix,239,cake_mix
00240_calamari,240,calamari
00241_calculator,241,calculator
00242_calf1,242,
00243_calf2,243,
00244_calzone,244,calzone
00245_camcorder,245,camcorder
00246_camel,246,camel
00247_camera1,247,
00248_camera2,248,
00249_camera_lens,249,camera_lens
00250_camper,250,camper
00251_can,251,can
00252_can_opener,252,can_opener
00253_candelabra,253,candelabra
00254_candle,254,candle
00255_candlestick,255,candlestick
00256_candy,256,candy
00257_candy_bar,257,candy_bar
00258_candy_cane,258,candy_cane
00259_cane,259,cane
00260_canister,260,canister
00261_cannon,261,cannon
00262_cannonball,262,cannonball
00263_canoe,263,canoe
00264_cantaloupe,264,cantaloupe
00265_canvas,265,canvas
00266_cap,266,cap
00267_cape,267,cape
00268_car,268,car
00269_car_door,269,car_door
00270_car_seat,270,car_seat
00271_caramel,271,caramel
00272_card,272,card
00273_cardboard,273,cardboard
00274_cardigan,274,cardigan
00275_cardinal,275,cardinal
00276_carousel,276,carousel
00277_carriage,277,carriage
00278_carrot,278,carrot
00279_cart,279,cart
00280_cash_machine,280,cash_machine
00281_cash_register,281,cash_register
00282_cashew,282,cashew
00283_casserole,283,casserole
00284_cassette,284,cassette
00285_cat,285,cat
00286_catapult,286,catapult
00287_caterpillar,287,caterpillar
00288_catfish,288,catfish
00289_cauliflower,289,cauliflower
00290_caviar,290,caviar
00291_cd_player,291,cd_player
00292_celery,292,celery
00293_cello,293,cello
00294_cellphone,294,cellphone
00295_cement_mixer,295,cement_mixer
00296_centerpiece,296,centerpiece
00297_centrifuge,297,centrifuge
00298_cereal,298,cereal
00299_chain,299,chain
00300_chainsaw,300,chainsaw
00301_chair,301,chair
00302_chalice,302,chalice
00303_chalk,303,chalk
00304_chalkboard,304,chalkboard
00305_champagne,305,champagne
00306_chandelier,306,chandelier
00307_chaps,307,chaps
00308_charcoal,308,charcoal
00309_charger,309,charger
00310_chariot,310,chariot
00311_checkbook,311,checkbook
00312_checkers,312,checkers
00313_cheese,313,cheese
00314_cheeseburger,314,cheeseburger
00315_cheesecake,315,cheesecake
00316_cheetah,316,cheetah
00317_cherry,317,cherry
00318_chess_piece,318,chess_piece
00319_chessboard,319,chessboard
00320_chest1,320,
00321_chest2,321,
00322_chick,322,chick
00323_chicken1,323,
00324_chicken2,324,
00325_chicken_wire,325,chicken_wire
00326_chickpea,326,chickpea
00327_chihuahua,327,chihuahua
00328_chili,328,chili
00329_chime,329,chime
00330_chimney,330,chimney
00331_chin,331,chin
00332_chinaware,332,chinaware
00333_chinchilla,333,chinchilla
00334_chip,334,chip
00335_chipmunk,335,chipmunk
00336_chips,336,chips
00337_chisel,337,chisel
00338_chive,338,chive
00339_chocolate,339,chocolate
00340_chopsticks,340,chopsticks
00341_christmas_card,341,christmas_card
00342_christmas_tree,342,christmas_tree
00343_chute,343,chute
00344_cigar,344,cigar
00345_cigarette,345,cigarette
00346_cigarette_butt,346,cigarette_butt
00347_cigarette_holder,347,cigarette_holder
00348_cilantro,348,cilantro
00349_cinnamon,349,cinnamon
00350_clam,350,clam
00351_clarinet,351,clarinet
00352_clasp,352,clasp
00353_clay,353,clay
00354_cleat,354,cleat
00355_cleaver,355,cleaver
00356_clipboard,356,clipboard
00357_clipper1,357,
00358_clipper2,358,
00359_cloak,359,cloak
00360_clock,360,clock
00361_closet,361,closet
00362_clothes,362,clothes
00363_clothesline,363,clothesline
00364_clothespin,364,clothespin
00365_cloud,365,cloud
00366_clove,366,clove
00367_clover,367,clover
00368_coal,368,coal
00369_coaster,369,coaster
00370_coat,370,coat
00371_coat_rack,371,coat_rack
00372_cobra,372,cobra
00373_cockatoo,373,cockatoo
00374_cockroach,374,cockroach
00375_cocktail,375,cocktail
00376_coconut,376,coconut
00377_cocoon,377,cocoon
00378_coffee,378,coffee
00379_coffee_bean,379,coffee_bean
00380_coffee_filter,380,coffee_filter
00381_coffee_pot,381,coffee_pot
00382_coffee_table,382,coffee_table
00383_coffeemaker,383,coffeemaker
00384_coffin,384,coffin
00385_coil,385,coil
00386_coin,386,coin
00387_coleslaw,387,coleslaw
00388_collar,388,collar
00389_column,389,column
00390_comb,390,comb
00391_combination_lock,391,combination_lock
00392_comic_book,392,comic_book
00393_compass,393,compass
00394_compost,394,compost
00395_computer,395,computer
00396_computer_screen,396,computer_screen
00397_confetti,397,confetti
00398_contact_lens,398,contact_lens
00399_container,399,container
00400_cooker,400,cooker
00401_cookie,401,cookie
00402_cookie_cutter,402,cookie_cutter
00403_cookie_sheet,403,cookie_sheet
00404_cooler,404,cooler
00405_coop,405,coop
00406_copier,406,copier
00407_coral,407,coral
00408_cord,408,cord
00409_cordon_bleu,409,cordon_bleu
00410_cork,410,cork
00411_corkboard,411,corkboard
00412_corkscrew,412,corkscrew
00413_corn,413,corn
00414_cornbread,414,cornbread
00415_cornhusk,415,cornhusk
00416_cornmeal,416,cornmeal
00417_cornucopia,417,cornucopia
00418_corsage,418,corsage
00419_corset,419,corset
00420_costume,420,costume
00421_cot,421,cot
00422_cotton_candy,422,cotton_candy
00423_couch,423,couch
00424_cougar,424,cougar
00425_counter,425,counter
00426_coverall,426,coverall
00427_cow,427,cow
00428_coyote,428,coyote
00429_crab,429,crab
00430_cracker,430,cracker
00431_cranberry,431,cranberry
00432_crane,432,crane
00433_crank,433,crank
00434_crate,434,crate
00435_crayfish,435,crayfish
00436_crayon,436,crayon
00437_cream,437,cream
00438_cream_cheese,438,cream_cheese
00439_credit_card,439,credit_card
00440_creme_brulee,440,creme_brulee
00441_crepe,441,crepe
00442_crib,442,crib
00443_croissant,443,croissant
00444_cross,444,cross
00445_crossbow,445,crossbow
00446_crouton,446,crouton
00447_crow,447,crow
00448_crowbar,448,crowbar
00449_crown,449,crown
00450_crucifix,450,crucifix
00451_cruise_ship,451,cruise_ship
00452_crumb,452,crumb
00453_crutch,453,crutch
00454_crystal1,454,
00455_crystal2,455,
00456_crystal_ball,456,crystal_ball
00457_cuckoo_clock,457,cuckoo_clock
00458_cucumber,458,cucumber
00459_cufflink,459,cufflink
00460_cummerbund,460,cummerbund
00461_cup,461,cup
00462_cupcake,462,cupcake
00463_curb,463,curb
00464_curling_iron,464,curling_iron
00465_curry,465,curry
00466_curtain,466,curtain
00467_cushion,467,cushion
00468_cutting_board,468,cutting_board
00469_cymbal,469,cymbal
00470_dagger,470,dagger
00471_daisy,471,daisy
00472_dalmatian,472,dalmatian
00473_dandelion,473,dandelion
00474_dart,474,dart
00475_dartboard,475,dartboard
00476_dashboard,476,dashboard
00477_deer,477,deer
00478_defibrillator,478,defibrillator
00479_denture,479,denture
00480_deodorant,480,deodorant
00481_desk,481,desk
00482_dessert,482,dessert
00483_detonator,483,detonator
00484_dial,484,dial
00485_diamond,485,diamond
00486_diaper,486,diaper
00487_dice,487,dice
00488_dip,488,dip
00489_dirt_bike,489,dirt_bike
00490_dish,490,dish
00491_dishrag,491,dishrag
00492_dishwasher,492,dishwasher
00493_dishwashing_liquid,493,dishwashing_liquid
00494_diskette,494,diskette
00495_diving_board,495,diving_board
00496_dog,496,dog
00497_dogfood,497,dogfood
00498_doghouse,498,doghouse
00499_doily,499,doily
00500_doll,500,doll
00501_dollhouse,501,dollhouse
00502_dolly,502,dolly
00503_dolphin,503,dolphin
00504_domino,504,domino
00505_donkey,505,donkey
00506_donut,506,donut
00507_door,507,door
00508_doorbell,508,doorbell
00509_doorhandle,509,doorhandle
00510_doorknob,510,doorknob
00511_doorknocker,511,doorknocker
00512_doormat,512,doormat
00513_doorstop,513,doorstop
00514_dough,514,dough
00515_dragonfly,515,dragonfly
00516_drain,516,drain
00517_drawer,517,drawer
00518_dreidel,518,dreidel
00519_dress,519,dress
00520_dresser,520,dresser
00521_drill,521,drill
00522_drink,522,drink
00523_drum,523,drum
00524_drumstick,524,drumstick
00525_dryer,525,dryer
00526_duck,526,duck
00527_duckling,527,duckling
00528_duct,528,duct
00529_duct_tape,529,duct_tape
00530_duffel_bag,530,duffel_bag
00531_dumbbell,531,dumbbell
00532_dumbwaiter,532,dumbwaiter
00533_dumpling,533,dumpling
00534_dumpster,534,dumpster
00535_duster,535,duster
00536_dustpan,536,dustpan
00537_dynamite,537,dynamite
00538_eagle,538,eagle
00539_ear,539,ear
00540_earplug,540,earplug
00541_earring,541,earring
00542_earwig,542,earwig
00543_easel,543,easel
00544_easter_egg,544,easter_egg
00545_eclair,545,eclair
00546_eel,546,eel
00547_egg,547,egg
00548_egg_roll,548,egg_roll
00549_eggbeater,549,eggbeater
00550_eggnog,550,eggnog
00551_eggplant,551,eggplant
00552_eggshell,552,eggshell
00553_elbow,553,elbow
00554_electric_chair,554,electric_chair
00555_elephant,555,elephant
00556_emerald,556,emerald
00557_enchilada,557,enchilada
00558_engine,558,engine
00559_envelope,559,envelope
00560_eraser,560,eraser
00561_espresso,561,espresso
00562_exerciser,562,exerciser
00563_exhaust_pipe,563,exhaust_pipe
00564_extinguisher,564,extinguisher
00565_eye,565,eye
00566_eye_patch,566,eye_patch
00567_eyedropper,567,eyedropper
00568_eyeliner,568,eyeliner
00569_eyepiece,569,eyepiece
00570_face,570,face
00571_face_mask,571,face_mask
00572_fan,572,fan
00573_fast_food,573,fast_food
00574_faucet,574,faucet
00575_feather,575,feather
00576_fence,576,fence
00577_fencepost,577,fencepost
00578_fern,578,fern
00579_ferret,579,ferret
00580_ferris_wheel,580,ferris_wheel
00581_ferry,581,ferry
00582_fig,582,fig
00583_figurine,583,figurine
00584_file1,584,
00585_file2,585,
00586_filing_cabinet,586,filing_cabinet
00587_film,587,film
00588_filter,588,filter
00589_finger,589,finger
00590_fingerprint,590,fingerprint
00591_fire,591,fire
00592_fire_alarm,592,fire_alarm
00593_fire_hydrant,593,fire_hydrant
00594_fire_pit,594,fire_pit
00595_firecracker,595,firecracker
00596_fireplace,596,fireplace
00597_firetruck,597,firetruck
00598_firewood,598,firewood
00599_fireworks,599,fireworks
00600_first-aid_kit,600,aid_kit
00601_fish,601,fish
00602_fishbowl,602,fishbowl
00603_fishhook,603,fishhook
00604_fishing_pole,604,fishing_pole
00605_fishnet_stockings,605,fishnet_stockings
00606_flag,606,flag
00607_flagpole,607,flagpole
00608_flamethrower,608,flamethrower
00609_flamingo,609,flamingo
00610_flan,610,flan
00611_flashbulb,611,flashbulb
00612_flashlight,612,flashlight
00613_flask,613,flask
00614_flatiron,614,flatiron
00615_flip_flop,615,flip_flop
00616_flipper,616,flipper
00617_float,617,float
00618_floss,618,floss
00619_flour,619,flour
00620_flower,620,flower
00621_flute,621,flute
00622_fly,622,fly
00623_flypaper,623,flypaper
00624_flyswatter,624,flyswatter
00625_foam,625,foam
00626_folder,626,folder
00627_fondue,627,fondue
00628_food_processor,628,food_processor
00629_foot,629,foot
00630_football,630,football
00631_football_helmet,631,football_helmet
00632_footbath,632,footbath
00633_footprint,633,footprint
00634_footrest,634,footrest
00635_fork,635,fork
00636_forklift,636,forklift
00637_fossil,637,fossil
00638_fountain_pen,638,fountain_pen
00639_fox,639,fox
00640_frame,640,frame
00641_freezer,641,freezer
00642_french_fries,642,french_fries
00643_french_horn,643,french_horn
00644_frisbee,644,frisbee
00645_frog,645,frog
00646_fruit,646,fruit
00647_fruitcake,647,fruitcake
00648_fudge,648,fudge
00649_fungus,649,fungus
00650_funnel,650,funnel
00651_fur_coat,651,fur_coat
00652_furnace,652,furnace
00653_fuse,653,fuse
00654_gallows,654,gallows
00655_game,655,game
00656_garbage,656,garbage
00657_garbage_truck,657,garbage_truck
00658_gargoyle,658,gargoyle
00659_garlic,659,garlic
00660_garter,660,garter
00661_gas_mask,661,gas_mask
00662_gasket,662,gasket
00663_gate,663,gate
00664_gauge,664,gauge
00665_gauze,665,gauze
00666_gavel,666,gavel
00667_gazelle,667,gazelle
00668_gear,668,gear
00669_gearshift,669,gearshift
00670_gel,670,gel
00671_gem,671,gem
00672_generator,672,generator
00673_gift,673,gift
00674_ginger,674,ginger
00675_gingerbread_man,675,gingerbread_man
00676_giraffe,676,giraffe
00677_girl,677,girl
00678_glass,678,glass
00679_glasses,679,glasses
00680_globe,680,globe
00681_glove,681,glove
00682_glue,682,glue
00683_go-kart,683,kart
00684_goalpost,684,goalpost
00685_goat,685,goat
00686_goblet,686,goblet
00687_goggles,687,goggles
00688_gold,688,gold
00689_goldfish,689,goldfish
00690_golf_cart,690,golf_cart
00691_golf_club,691,golf_club
00692_gondola,692,gondola
00693_gong,693,gong
00694_goose,694,goose
00695_gopher,695,gopher
00696_gorilla,696,gorilla
00697_gourd,697,gourd
00698_graffiti,698,graffiti
00699_grain,699,grain
00700_gramophone,700,gramophone
00701_granite,701,granite
00702_granola,702,granola
00703_grape,703,grape
00704_grapefruit,704,grapefruit
00705_grapevine,705,grapevine
00706_grass,706,grass
00707_grasshopper,707,grasshopper
00708_grate,708,grate
00709_grater,709,grater
00710_gravel,710,gravel
00711_gravestone,711,gravestone
00712_gravy,712,gravy
00713_green_beans,713,green_beans
00714_grenade,714,grenade
00715_grill,715,grill
00716_grille,716,grille
00717_grinder,717,grinder
00718_grits,718,grits
00719_groundhog,719,groundhog
00720_guacamole,720,guacamole
00721_guardrail,721,guardrail
00722_guillotine,722,guillotine
00723_guinea_pig,723,guinea_pig
00724_guitar,724,guitar
00725_gum,725,gum
00726_gumball,726,gumball
00727_gumdrop,727,gumdrop
00728_gun,728,gun
00729_gurney,729,gurney
00730_gutter,730,gutter
00731_gyro,731,gyro
00732_gyroscope,732,gyroscope
00733_hail,733,hail
00734_hair,734,hair
00735_hairbrush,735,hairbrush
00736_hairdryer,736,hairdryer
00737_hairnet,737,hairnet
00738_hairpin,738,hairpin
00739_hairspray,739,hairspray
00740_ham,740,ham
00741_hamburger,741,hamburger
00742_hammer,742,hammer
00743_hammock,743,hammock
00744_hamster,744,hamster
00745_hand,745,hand
00746_handbrake,746,handbrake
00747_handcuff,747,handcuff
00748_handkerchief,748,handkerchief
00749_handle,749,handle
00750_handlebar,750,handlebar
00751_handprint,751,handprint
00752_hanger,752,hanger
00753_hard_disk,753,hard_disk
00754_harmonica,754,harmonica
00755_harness,755,harness
00756_harp,756,harp
00757_hash,757,hash
00758_hat,758,hat
00759_hatbox,759,hatbox
00760_hatchet,760,hatchet
00761_hawk,761,hawk
00762_hay,762,hay
00763_headband,763,headband
00764_headdress,764,headdress
00765_headlamp,765,headlamp
00766_headlight,766,headlight
00767_headphones,767,headphones
00768_headrest,768,headrest
00769_headscarf,769,headscarf
00770_headset,770,headset
00771_hearing_aid,771,hearing_aid
00772_hearse,772,hearse
00773_heater,773,heater
00774_hedge,774,hedge
00775_hedgehog,775,hedgehog
00776_helicopter,776,helicopter
00777_helmet,777,helmet
00778_highchair,778,highchair
00779_highlighter,779,highlighter
00780_hinge,780,hinge
00781_hip,781,hip
00782_hippopotamus,782,hippopotamus
00783_hobbyhorse,783,hobbyhorse
00784_hockey_stick,784,hockey_stick
00785_hoe,785,hoe
00786_hole,786,hole
00787_holster,787,holster
00788_home_plate,788,home_plate
00789_honey,789,honey
00790_honeycomb,790,honeycomb
00791_honeypot,791,honeypot
00792_hood,792,hood
00793_hoodie,793,hoodie
00794_hook1,794,
00795_hook2,795,
00796_hookah,796,hookah
00797_hopscotch,797,hopscotch
00798_horn,798,horn
00799_horse,799,horse
00800_horseshoe,800,horseshoe
00801_hose,801,hose
00802_hot-air_balloon,802,air_balloon
00803_hot-water_bottle,803,water_bottle
00804_hot_chocolate,804,hot_chocolate
00805_hot_tub,805,hot_tub
00806_hotdog,806,hotdog
00807_hotplate,807,hotplate
00808_hourglass,808,hourglass
00809_hovercraft,809,hovercraft
00810_hubcap,810,hubcap
00811_hula_hoop,811,hula_hoop
00812_hummingbird,812,hummingbird
00813_hummus,813,hummus
00814_humvee,814,humvee
00815_hydrant,815,hydrant
00816_hyena,816,hyena
00817_ice,817,ice
00818_ice-cream_cone,818,cream_cone
00819_ice_cream,819,ice_cream
00820_ice_cube,820,ice_cube
00821_ice_pack,821,ice_pack
00822_icemaker,822,icemaker
00823_icepick,823,icepick
00824_iceskate,824,iceskate
00825_icicle,825,icicle
00826_iguana,826,iguana
00827_incense,827,incense
00828_incubator,828,incubator
00829_inhaler,829,inhaler
00830_ink,830,ink
00831_inkwell,831,inkwell
00832_insole,832,insole
00833_iron,833,iron
00834_ironing_board,834,ironing_board
00835_ivy,835,ivy
00836_jack,836,jack
00837_jacket,837,jacket
00838_jackhammer,838,jackhammer
00839_jalapeno,839,jalapeno
00840_jam,840,jam
00841_jar,841,jar
00842_javelin,842,javelin
00843_jeans,843,jeans
00844_jeep,844,jeep
00845_jelly_bean,845,jelly_bean
00846_jellyfish,846,jellyfish
00847_jersey,847,jersey
00848_jet,848,jet
00849_jetski,849,jetski
00850_jewel,850,jewel
00851_jewelry,851,jewelry
00852_jigsaw_puzzle,852,jigsaw_puzzle
00853_joystick,853,joystick
00854_jug,854,jug
00855_juice,855,juice
00856_juicer1,856,
00857_juicer2,857,
00858_jukebox,858,jukebox
00859_jump_rope,859,jump_rope
00860_jumpsuit,860,jumpsuit
00861_kale,861,kale
00862_kaleidoscope,862,kaleidoscope
00863_kangaroo,863,kangaroo
00864_kayak,864,kayak
00865_kazoo,865,kazoo
00866_kebab,866,kebab
00867_keg,867,keg
00868_ketchup,868,ketchup
00869_kettle,869,kettle
00870_key,870,key
00871_keyboard,871,keyboard
00872_keyhole,872,keyhole
00873_kilt,873,kilt
00874_kimono,874,kimono
00875_kite,875,kite
00876_kitten,876,kitten
00877_kiwi,877,kiwi
00878_knee,878,knee
00879_kneepad,879,kneepad
00880_knife,880,knife
00881_knitting,881,knitting
00882_knitting_needle,882,knitting_needle
00883_knob,883,knob
00884_knot,884,knot
00885_koala,885,koala
00886_lab_coat,886,lab_coat
00887_ladder,887,ladder
00888_ladle,888,ladle
00889_ladybug,889,ladybug
00890_lamb,890,lamb
00891_lamb_chop,891,lamb_chop
00892_lamp,892,lamp
00893_lamppost,893,lamppost
00894_lampshade,894,lampshade
00895_landmine,895,landmine
00896_lantern,896,lantern
00897_lanyard,897,lanyard
00898_laptop,898,laptop
00899_lasagna,899,lasagna
00900_laser_pointer,900,laser_pointer
00901_latch,901,latch
00902_latte,902,latte
00903_laundry_basket,903,laundry_basket
00904_lava,904,lava
00905_lavender,905,lavender
00906_lawnmower,906,lawnmower
00907_leaf,907,leaf
00908_leash,908,leash
00909_lectern,909,lectern
00910_leech,910,leech
00911_leek,911,leek
00912_leg,912,leg
00913_leggings,913,leggings
00914_lego,914,lego
00915_lemon,915,lemon
00916_lemonade,916,lemonade
00917_lens,917,lens
00918_leopard,918,leopard
00919_leotard,919,leotard
00920_letter_opener,920,letter_opener
00921_lettuce,921,lettuce
00922_license_plate,922,license_plate
00923_licorice,923,licorice
00924_lid,924,lid
00925_life_jacket,925,life_jacket
00926_lifesaver,926,lifesaver
00927_light_switch,927,light_switch
00928_lightbulb,928,lightbulb
00929_lighter,929,lighter
00930_lightning_bug,930,lightning_bug
00931_lime,931,lime
00932_limousine,932,limousine
00933_lingerie,933,lingerie
00934_lion,934,lion
00935_lip_balm,935,lip_balm
00936_lip_gloss,936,lip_gloss
00937_lipstick,937,lipstick
00938_lizard,938,lizard
00939_llama,939,llama
00940_lobster,940,lobster
00941_lock,941,lock
00942_locker,942,locker
00943_locket,943,locket
00944_log,944,log
00945_loincloth,945,loincloth
00946_lollipop,946,lollipop
00947_loom,947,loom
00948_loveseat,948,loveseat
00949_luggage,949,luggage
00950_lumber,950,lumber
00951_lunchbox,951,lunchbox
00952_macadamia,952,macadamia
00953_macaroni,953,macaroni
00954_machete,954,machete
00955_machine_gun,955,machine_gun
00956_maggot,956,maggot
00957_magnet,957,magnet
00958_magnifier,958,magnifier
00959_magnifying_glass,959,magnifying_glass
00960_mail,960,mail
00961_mailbox,961,mailbox
00962_makeup,962,makeup
00963_mallet,963,mallet
00964_man,964,man
00965_manatee,965,manatee
00966_mandolin,966,mandolin
00967_mango,967,mango
00968_manhole,968,manhole
00969_mannequin,969,mannequin
00970_mantle,970,mantle
00971_map,971,map
00972_maple_syrup,972,maple_syrup
00973_marble,973,marble
00974_margarita,974,margarita
00975_marijuana,975,marijuana
00976_marker,976,marker
00977_marmalade,977,marmalade
00978_marshmallow,978,marshmallow
00979_mascara,979,mascara
00980_mashed_potato,980,mashed_potato
00981_mask,981,mask
00982_mast,982,mast
00983_mat,983,mat
00984_match,984,match
00985_matchbox,985,matchbox
00986_mattress,986,mattress
00987_measuring_cup,987,measuring_cup
00988_meat,988,meat
00989_meat_grinder,989,meat_grinder
00990_meatball,990,meatball
00991_meatloaf,991,meatloaf
00992_medal,992,medal
00993_meerkat,993,meerkat
00994_megaphone,994,megaphone
00995_melon,995,melon
00996_memory_stick,996,memory_stick
00997_metal_detector,997,metal_detector
00998_metronome,998,metronome
00999_microphone,999,microphone
01000_microscope,1000,microscope
01001_microwave,1001,microwave
01002_milk,1002,milk
01003_milkshake,1003,milkshake
01004_minivan,1004,minivan
01005_mint,1005,mint
01006_mirror,1006,mirror
01007_missile,1007,missile
01008_mistletoe,1008,mistletoe
01009_mitten,1009,mitten
01010_mixer,1010,mixer
01011_moccasin,1011,moccasin
01012_modem,1012,modem
01013_mold1,1013,
01014_mold2,1014,
01015_mole,1015,mole
01016_money,1016,money
01017_mongoose,1017,mongoose
01018_monkey,1018,monkey
01019_moose,1019,moose
01020_mop,1020,mop
01021_mosquito,1021,mosquito
01022_mosquito_net,1022,mosquito_net
01023_moss,1023,moss
01024_moth,1024,moth
01025_motherboard,1025,motherboard
01026_motorcycle,1026,motorcycle
01027_mouse1,1027,
01028_mouse2,1028,
01029_mousepad,1029,mousepad
01030_mousetrap,1030,mousetrap
01031_mousse,1031,mousse
01032_mouth,1032,mouth
01033_mouthpiece,1033,mouthpiece
01034_mud,1034,mud
01035_muff,1035,muff
01036_muffin,1036,muffin
01037_mug,1037,mug
01038_mulberry,1038,mulberry
01039_mulch,1039,mulch
01040_mullet,1040,mullet
01041_mushroom,1041,mushroom
01042_music_box,1042,music_box
01043_mussel,1043,mussel
01044_mustache,1044,mustache
01045_mustard,1045,mustard
01046_nacho,1046,nacho
01047_nail,1047,nail
01048_nail_clippers,1048,nail_clippers
01049_nail_file,1049,nail_file
01050_nail_polish,1050,nail_polish
01051_napkin,1051,napkin
01052_napkin_ring,1052,napkin_ring
01053_navel,1053,navel
01054_neck,1054,neck
01055_necklace,1055,necklace
01056_needle,1056,needle
01057_nest,1057,nest
01058_net,1058,net
01059_nightshirt,1059,nightshirt
01060_nightstand,1060,nightstand
01061_noisemaker,1061,noisemaker
01062_noodle,1062,noodle
01063_noose,1063,noose
01064_nose,1064,nose
01065_notebook,1065,notebook
01066_notepad,1066,notepad
01067_nut,1067,nut
01068_nutcracker,1068,nutcracker
01069_oar,1069,oar
01070_oatmeal,1070,oatmeal
01071_octopus,1071,octopus
01072_odometer,1072,odometer
01073_oil,1073,oil
01074_oilcan,1074,oilcan
01075_okra,1075,okra
01076_olive,1076,olive
01077_omelet,1077,omelet
01078_onion,1078,onion
01079_orange,1079,orange
01080_orange_rind,1080,orange_rind
01081_orangutan,1081,orangutan
01082_orchid,1082,orchid
01083_organ,1083,organ
01084_origami,1084,origami
01085_ostrich,1085,ostrich
01086_otter,1086,otter
01087_ottoman,1087,ottoman
01088_outfit,1088,outfit
01089_outlet,1089,outlet
01090_oven,1090,oven
01091_overalls,1091,overalls
01092_owl,1092,owl
01093_oyster,1093,oyster
01094_pacifier,1094,pacifier
01095_paddle,1095,paddle
01096_padlock,1096,padlock
01097_paint,1097,paint
01098_paintbrush,1098,paintbrush
01099_painting,1099,painting
01100_pajamas,1100,pajamas
01101_palette,1101,palette
01102_pallet,1102,pallet
01103_palm_tree,1103,palm_tree
01104_pan,1104,pan
01105_pancake,1105,pancake
01106_panda,1106,panda
01107_panther,1107,panther
01108_panties,1108,panties
01109_pants,1109,pants
01110_pantsuit,1110,pantsuit
01111_pantyhose,1111,pantyhose
01112_papaya,1112,papaya
01113_paper,1113,paper
01114_paper_bag,1114,paper_bag
01115_paper_plate,1115,paper_plate
01116_paper_towel,1116,paper_towel
01117_paperclip,1117,paperclip
01118_paperweight,1118,paperweight
01119_parachute,1119,parachute
01120_parfait,1120,parfait
01121_parking_meter,1121,parking_meter
01122_parrot,1122,parrot
01123_parsley,1123,parsley
01124_pasta,1124,pasta
01125_pastry,1125,pastry
01126_patch,1126,patch
01127_patty,1127,patty
01128_payphone,1128,payphone
01129_pea,1129,pea
01130_peach,1130,peach
01131_peacock,1131,peacock
01132_peanut,1132,peanut
01133_peanut_butter,1133,peanut_butter
01134_pear,1134,pear
01135_pearl,1135,pearl
01136_pecan,1136,pecan
01137_pedal,1137,pedal
01138_pedometer,1138,pedometer
01139_peeler,1139,peeler
01140_peg,1140,peg
01141_pelican,1141,pelican
01142_pen,1142,pen
01143_pencil,1143,pencil
01144_pencil_sharpener,1144,pencil_sharpener
01145_pendulum,1145,pendulum
01146_penguin,1146,penguin
01147_penholder,1147,penholder
01148_penlight,1148,penlight
01149_pennant,1149,pennant
01150_pepper1,1150,
01151_pepper2,1151,
01152_pepper_mill,1152,pepper_mill
01153_peppermint,1153,peppermint
01154_pepperoni,1154,pepperoni
01155_perfume,1155,perfume
01156_periscope,1156,periscope
01157_pesto,1157,pesto
01158_pet_food,1158,pet_food
01159_petal,1159,petal
01160_petri_dish,1160,petri_dish
01161_pheasant,1161,pheasant
01162_phone,1162,phone
01163_phone_booth,1163,phone_booth
01164_photo_booth,1164,photo_booth
01165_photograph,1165,photograph
01166_piano,1166,piano
01167_pickax,1167,pickax
01168_pickle,1168,pickle
01169_pie,1169,pie
01170_piecrust,1170,piecrust
01171_pig,1171,pig
01172_pigeon,1172,pigeon
01173_piggy_bank,1173,piggy_bank
01174_piglet,1174,piglet
01175_pill,1175,pill
01176_pillbox,1176,pillbox
01177_pillow,1177,pillow
01178_pin,1178,pin
01179_pinball,1179,pinball
01180_pincushion,1180,pincushion
01181_pine_needle,1181,pine_needle
01182_pine_tree,1182,pine_tree
01183_pineapple,1183,pineapple
01184_pinecone,1184,pinecone
01185_ping-pong_table,1185,pong_table
01186_pinwheel,1186,pinwheel
01187_pipe1,1187,
01188_pipe2,1188,
01189_pistachio,1189,pistachio
01190_pita,1190,pita
01191_pitcher,1191,pitcher
01192_pitchfork,1192,pitchfork
01193_pizza,1193,pizza
01194_place_mat,1194,place_mat
01195_plant,1195,plant
01196_plaster_cast,1196,plaster_cast
01197_plastic_film,1197,plastic_film
01198_plate,1198,plate
01199_platypus,1199,platypus
01200_playing_card,1200,playing_card
01201_playpen,1201,playpen
01202_pliers,1202,pliers
01203_plug,1203,plug
01204_plum,1204,plum
01205_plunger,1205,plunger
01206_pocket,1206,pocket
01207_pocket_watch,1207,pocket_watch
01208_pocketknife,1208,pocketknife
01209_pogo_stick,1209,pogo_stick
01210_poinsettia,1210,poinsettia
01211_poker,1211,poker
01212_polar_bear,1212,polar_bear
01213_polaroid,1213,polaroid
01214_pole,1214,pole
01215_police_car,1215,police_car
01216_polisher,1216,polisher
01217_polo_shirt,1217,polo_shirt
01218_polygraph,1218,polygraph
01219_pom-pom,1219,pom
01220_pomegranate,1220,pomegranate
01221_pony,1221,pony
01222_poodle,1222,poodle
01223_pool_table,1223,pool_table
01224_popcorn,1224,popcorn
01225_poppy,1225,poppy
01226_popsicle,1226,popsicle
01227_porcupine,1227,porcupine
01228_porthole,1228,porthole
01229_possum,1229,possum
01230_poster,1230,poster
01231_pot,1231,pot
01232_potato,1232,potato
01233_potholder,1233,potholder
01234_pothole,1234,pothole
01235_potpie,1235,potpie
01236_potpourri,1236,potpourri
01237_powder,1237,powder
01238_power_line,1238,power_line
01239_praying_mantis,1239,praying_mantis
01240_pretzel,1240,pretzel
01241_printer,1241,printer
01242_prism,1242,prism
01243_projector,1243,projector
01244_propeller,1244,propeller
01245_prune,1245,prune
01246_puck,1246,puck
01247_pudding,1247,pudding
01248_puddle,1248,puddle
01249_puffin,1249,puffin
01250_pug,1250,pug
01251_pulley,1251,pulley
01252_pulpit,1252,pulpit
01253_pump,1253,pump
01254_pumpkin,1254,pumpkin
01255_punch1,1255,
01256_punch2,1256,
01257_punching_bag,1257,punching_bag
01258_puppet,1258,puppet
01259_puppy,1259,puppy
01260_purse,1260,purse
01261_quad,1261,quad
01262_quesadilla,1262,quesadilla
01263_quiche,1263,quiche
01264_quill,1264,quill
01265_quilt,1265,quilt
01266_rabbit,1266,rabbit
01267_raccoon,1267,raccoon
01268_racehorse,1268,racehorse
01269_rack1,1269,
01270_rack2,1270,
01271_racket,1271,racket
01272_radar,1272,radar
01273_radiator,1273,radiator
01274_radio,1274,radio
01275_radish,1275,radish
01276_raft,1276,raft
01277_rag,1277,rag
01278_railing,1278,railing
01279_rain_gauge,1279,rain_gauge
01280_raincoat,1280,raincoat
01281_raisin,1281,raisin
01282_rake,1282,rake
01283_ram,1283,ram
01284_ramp,1284,ramp
01285_raspberry,1285,raspberry
01286_rat,1286,rat
01287_ratchet,1287,ratchet
01288_rattle,1288,rattle
01289_rattlesnake,1289,rattlesnake
01290_ravioli,1290,ravioli
01291_razor,1291,razor
01292_razor_blade,1292,razor_blade
01293_ready_meal,1293,ready_meal
01294_rearview_mirror,1294,rearview_mirror
01295_recliner,1295,recliner
01296_record,1296,record
01297_record_player,1297,record_player
01298_recorder,1298,recorder
01299_red_carpet,1299,red_carpet
01300_reel,1300,reel
01301_refrigerator,1301,refrigerator
01302_reindeer,1302,reindeer
01303_remote_control,1303,remote_control
01304_retainer,1304,retainer
01305_revolver,1305,revolver
01306_revolving_door,1306,revolving_door
01307_rhinoceros,1307,rhinoceros
01308_rhubarb,1308,rhubarb
01309_ribbon,1309,ribbon
01310_rice,1310,rice
01311_rickshaw,1311,rickshaw
01312_rifle,1312,rifle
01313_rim,1313,rim
01314_ring,1314,ring
01315_riser,1315,riser
01316_road_sign,1316,road_sign
01317_roadsweeper,1317,roadsweeper
01318_robe,1318,robe
01319_robot,1319,robot
01320_rock,1320,rock
01321_rocket,1321,rocket
01322_rocking_chair,1322,rocking_chair
01323_rocking_horse,1323,rocking_horse
01324_roll,1324,roll
01325_roller,1325,roller
01326_roller_coaster,1326,roller_coaster
01327_rollerblade,1327,rollerblade
01328_rollerskate,1328,rollerskate
01329_rolling_pin,1329,rolling_pin
01330_roof_rack,1330,roof_rack
01331_rooster,1331,rooster
01332_root,1332,root
01333_rope,1333,rope
01334_rosary,1334,rosary
01335_rose,1335,rose
01336_roulette_wheel,1336,roulette_wheel
01337_router,1337,router
01338_rubber_band,1338,rubber_band
01339_ruby,1339,ruby
01340_rudder,1340,rudder
01341_rug,1341,rug
01342_ruler,1342,ruler
01343_rust,1343,rust
01344_saddle,1344,saddle
01345_safety_pin,1345,safety_pin
01346_saffron,1346,saffron
01347_sail,1347,sail
01348_sailboat,1348,sailboat
01349_salad,1349,salad
01350_salami,1350,salami
01351_saltshaker,1351,saltshaker
01352_sand,1352,sand
01353_sandal,1353,sandal
01354_sandbag,1354,sandbag
01355_sandbox,1355,sandbox
01356_sandcastle,1356,sandcastle
01357_sandpaper,1357,sandpaper
01358_sandwich,1358,sandwich
01359_sarcophagus,1359,sarcophagus
01360_sardine,1360,sardine
01361_satellite,1361,satellite
01362_satellite_dish,1362,satellite_dish
01363_sauce,1363,sauce
01364_saucer,1364,saucer
01365_sauerkraut,1365,sauerkraut
01366_sausage,1366,sausage
01367_saw,1367,saw
01368_sawhorse,1368,sawhorse
01369_saxophone,1369,saxophone
01370_scaffold,1370,scaffold
01371_scaffolding,1371,scaffolding
01372_scale,1372,scale
01373_scallion,1373,scallion
01374_scallop,1374,scallop
01375_scalpel,1375,scalpel
01376_scanner,1376,scanner
01377_scarecrow,1377,scarecrow
01378_scarf,1378,scarf
01379_school_bus,1379,school_bus
01380_scissors,1380,scissors
01381_scone,1381,scone
01382_scoop,1382,scoop
01383_scooter,1383,scooter
01384_scoreboard,1384,scoreboard
01385_scorpion,1385,scorpion
01386_scrabble,1386,scrabble
01387_scrambled_egg,1387,scrambled_egg
01388_scraper,1388,scraper
01389_screen1,1389,
01390_screen2,1390,
01391_screw,1391,screw
01392_screwdriver,1392,screwdriver
01393_scuba,1393,scuba
01394_sea_urchin,1394,sea_urchin
01395_seafood,1395,seafood
01396_seagull,1396,seagull
01397_seahorse,1397,seahorse
01398_seal,1398,seal
01399_seaplane,1399,seaplane
01400_seatbelt,1400,seatbelt
01401_seaweed,1401,seaweed
01402_seed,1402,seed
01403_seesaw,1403,seesaw
01404_seismograph,1404,seismograph
01405_sequin,1405,sequin
01406_sewage,1406,sewage
01407_sewing_kit,1407,sewing_kit
01408_sewing_machine,1408,sewing_machine
01409_shaker,1409,shaker
01410_shark,1410,shark
01411_shaving_cream,1411,shaving_cream
01412_shawl,1412,shawl
01413_shears,1413,shears
01414_sheath,1414,sheath
01415_sheep,1415,sheep
01416_sheet,1416,sheet
01417_shelf,1417,shelf
01418_shell1,1418,
01419_shell2,1419,
01420_shell3,1420,
01421_shield,1421,shield
01422_ship,1422,ship
01423_shirt,1423,shirt
01424_shoe,1424,shoe
01425_shoe_polish,1425,shoe_polish
01426_shoehorn,1426,shoehorn
01427_shoelace,1427,shoelace
01428_shopping_basket,1428,shopping_basket
01429_shopping_cart,1429,shopping_cart
01430_shortbread,1430,shortbread
01431_shorts,1431,shorts
01432_shoulder,1432,shoulder
01433_shovel,1433,shovel
01434_shower,1434,shower
01435_shower_cap,1435,shower_cap
01436_shower_curtain,1436,shower_curtain
01437_showerhead,1437,showerhead
01438_shredder,1438,shredder
01439_shrimp,1439,shrimp
01440_shuffleboard,1440,shuffleboard
01441_shutter,1441,shutter
01442_sickle,1442,sickle
01443_sidecar,1443,sidecar
01444_sifter,1444,sifter
01445_silicone,1445,silicone
01446_silverware,1446,silverware
01447_sim_card,1447,sim_card
01448_sink,1448,sink
01449_siren,1449,siren
01450_skateboard,1450,skateboard
01451_skeleton,1451,skeleton
01452_skewer,1452,skewer
01453_ski,1453,ski
01454_ski_boots,1454,ski_boots
01455_ski_lift,1455,ski_lift
01456_ski_pole,1456,ski_pole
01457_skin,1457,skin
01458_skirt,1458,skirt
01459_skull,1459,skull
01460_skunk,1460,skunk
01461_sled,1461,sled
01462_sledgehammer,1462,sledgehammer
01463_sleeping_bag,1463,sleeping_bag
01464_slicer,1464,slicer
01465_slide,1465,slide
01466_slime,1466,slime
01467_sling,1467,sling
01468_slingshot,1468,slingshot
01469_slipper,1469,slipper
01470_slot,1470,slot
01471_slot_machine,1471,slot_machine
01472_sloth,1472,sloth
01473_slug,1473,slug
01474_smoke_alarm,1474,smoke_alarm
01475_smoothie,1475,smoothie
01476_snack,1476,snack
01477_snail,1477,snail
01478_snake,1478,snake
01479_snorkel,1479,snorkel
01480_snow,1480,snow
01481_snowball,1481,snowball
01482_snowboard,1482,snowboard
01483_snowman,1483,snowman
01484_snowmobile,1484,snowmobile
01485_snowplow,1485,snowplow
01486_snowshoe,1486,snowshoe
01487_snowsuit,1487,snowsuit
01488_soap,1488,soap
01489_soccer_ball,1489,soccer_ball
01490_sock,1490,sock
01491_soda,1491,soda
01492_soda_fountain,1492,soda_fountain
01493_sofa_bed,1493,sofa_bed
01494_solar_panel,1494,solar_panel
01495_soldering_iron,1495,soldering_iron
01496_sombrero,1496,sombrero
01497_sonogram,1497,sonogram
01498_sorbet,1498,sorbet
01499_souffle,1499,souffle
01500_soup,1500,soup
01501_soy_sauce,1501,soy_sauce
01502_space_shuttle,1502,space_shuttle
01503_spacesuit,1503,spacesuit
01504_spaghetti,1504,spaghetti
01505_spam,1505,spam
01506_spareribs,1506,spareribs
01507_spark_plug,1507,spark_plug
01508_sparkler,1508,sparkler
01509_spatula,1509,spatula
01510_speaker,1510,speaker
01511_spear,1511,spear
01512_speedboat,1512,speedboat
01513_speedometer,1513,speedometer
01514_spider,1514,spider
01515_spider_web,1515,spider_web
01516_spinach,1516,spinach
01517_splinter,1517,splinter
01518_sponge,1518,sponge
01519_spool,1519,spool
01520_spoon,1520,spoon
01521_spout,1521,spout
01522_spring_roll,1522,spring_roll
01523_springboard,1523,springboard
01524_sprinkler,1524,sprinkler
01525_sprouts,1525,sprouts
01526_spur,1526,spur
01527_squash,1527,squash
01528_squeegee,1528,squeegee
01529_squid,1529,squid
01530_squirrel,1530,squirrel
01531_squirt_gun,1531,squirt_gun
01532_stained_glass,1532,stained_glass
01533_stair,1533,stair
01534_stake,1534,stake
01535_stalagmite,1535,stalagmite
01536_stamp1,1536,
01537_stamp2,1537,
01538_staple,1538,staple
01539_staple_gun,1539,staple_gun
01540_stapler,1540,stapler
01541_star_fruit,1541,star_fruit
01542_starfish,1542,starfish
01543_station_wagon,1543,station_wagon
01544_statue,1544,statue
01545_steak,1545,steak
01546_steamroller,1546,steamroller
01547_steering_wheel,1547,steering_wheel
01548_stem,1548,stem
01549_step_stool,1549,step_stool
01550_stereo,1550,stereo
01551_stethoscope,1551,stethoscope
01552_stew,1552,stew
01553_stick,1553,stick
01554_sticker,1554,sticker
01555_stiletto,1555,stiletto
01556_stilt,1556,stilt
01557_stingray,1557,stingray
01558_stir_fry,1558,stir_fry
01559_stirrup,1559,stirrup
01560_stockings,1560,stockings
01561_stomach,1561,stomach
01562_stool,1562,stool
01563_stopwatch,1563,stopwatch
01564_stove1,1564,
01565_stove2,1565,
01566_straightjacket,1566,straightjacket
01567_strainer,1567,strainer
01568_strap,1568,strap
01569_straw1,1569,
01570_straw2,1570,
01571_strawberry,1571,strawberry
01572_streetlight,1572,streetlight
01573_stretcher,1573,stretcher
01574_string_cheese,1574,string_cheese
01575_stroller,1575,stroller
01576_stuffing,1576,stuffing
01577_stump,1577,stump
01578_submarine,1578,submarine
01579_subway,1579,subway
01580_sugar_cube,1580,sugar_cube
01581_suit,1581,suit
01582_suitcase,1582,suitcase
01583_sundae,1583,sundae
01584_sundial,1584,sundial
01585_sunflower,1585,sunflower
01586_sunglasses,1586,sunglasses
01587_sunroof,1587,sunroof
01588_surfboard,1588,surfboard
01589_sushi,1589,sushi
01590_suspenders,1590,suspenders
01591_swab,1591,swab
01592_swan,1592,swan
01593_sweater,1593,sweater
01594_sweatsuit,1594,sweatsuit
01595_sweeper,1595,sweeper
01596_sweet_potato,1596,sweet_potato
01597_swimming_pool,1597,swimming_pool
01598_swimsuit,1598,swimsuit
01599_swing,1599,swing
01600_swing_set,1600,swing_set
01601_switch,1601,switch
01602_swizzle_stick,1602,swizzle_stick
01603_sword,1603,sword
01604_swordfish,1604,swordfish
01605_syringe,1605,syringe
01606_syrup,1606,syrup
01607_t-shirt,1607,shirt
01608_tab,1608,tab
01609_table,1609,table
01610_tablecloth,1610,tablecloth
01611_tablet,1611,tablet
01612_tack,1612,tack
01613_tackle,1613,tackle
01614_taco,1614,taco
01615_tadpole,1615,tadpole
01616_taffy,1616,taffy
01617_tag,1617,tag
01618_taillight,1618,taillight
01619_tamale,1619,tamale
01620_tambourine,1620,tambourine
01621_tank1,1621,
01622_tank2,1622,
01623_tape,1623,tape
01624_tape_measure,1624,tape_measure
01625_tape_recorder,1625,tape_recorder
01626_tapestry,1626,tapestry
01627_tarantula,1627,tarantula
01628_target,1628,target
01629_tarp,1629,tarp
01630_tattoo,1630,tattoo
01631_taxi,1631,taxi
01632_tea,1632,tea
01633_teabag,1633,teabag
01634_teacup,1634,teacup
01635_teapot,1635,teapot
01636_teddy_bear,1636,teddy_bear
01637_tee,1637,tee
01638_teepee,1638,teepee
01639_telegraph,1639,telegraph
01640_telephone_pole,1640,telephone_pole
01641_telescope,1641,telescope
01642_television,1642,television
01643_tennis_ball,1643,tennis_ball
01644_tent,1644,tent
01645_terrarium,1645,terrarium
01646_test_tube,1646,test_tube
01647_thermometer,1647,thermometer
01648_thermos,1648,thermos
01649_thermostat,1649,thermostat
01650_thimble,1650,thimble
01651_thorn,1651,thorn
01652_thread,1652,thread
01653_throne,1653,throne
01654_thumb,1654,thumb
01655_thumbtack,1655,thumbtack
01656_tiara,1656,tiara
01657_tick,1657,tick
01658_ticktacktoe,1658,ticktacktoe
01659_tie,1659,tie
01660_tiger,1660,tiger
01661_tile,1661,tile
01662_timer,1662,timer
01663_tinsel,1663,tinsel
01664_tiramisu,1664,tiramisu
01665_toad,1665,toad
01666_toast,1666,toast
01667_toaster,1667,toaster
01668_toaster_oven,1668,toaster_oven
01669_toe,1669,toe
01670_toga,1670,toga
01671_toilet,1671,toilet
01672_toilet_paper,1672,toilet_paper
01673_tomato,1673,tomato
01674_tomato_sauce,1674,tomato_sauce
01675_tongs,1675,tongs
01676_tongue,1676,tongue
01677_tool,1677,tool
01678_toolbox,1678,toolbox
01679_tooth,1679,tooth
01680_toothbrush,1680,toothbrush
01681_toothpaste,1681,toothpaste
01682_toothpick,1682,toothpick
01683_top_hat,1683,top_hat
01684_torch,1684,torch
01685_torpedo,1685,torpedo
01686_torso,1686,torso
01687_tortellini,1687,tortellini
01688_tortilla,1688,tortilla
01689_tostada,1689,tostada
01690_totem_pole,1690,totem_pole
01691_toucan,1691,toucan
01692_touchpad,1692,touchpad
01693_towel,1693,towel
01694_towel_rack,1694,towel_rack
01695_toy,1695,toy
01696_tractor,1696,tractor
01697_traffic_light,1697,traffic_light
01698_trailer,1698,trailer
01699_train,1699,train
01700_train_car,1700,train_car
01701_train_set,1701,train_set
01702_trampoline,1702,trampoline
01703_trap,1703,trap
01704_trapdoor,1704,trapdoor
01705_trashcan,1705,trashcan
01706_tray,1706,tray
01707_treadmill,1707,treadmill
01708_treasure,1708,treasure
01709_tree,1709,tree
01710_tree_trunk,1710,tree_trunk
01711_triangle,1711,triangle
01712_tricycle,1712,tricycle
01713_trident,1713,trident
01714_trigger,1714,trigger
01715_tripod,1715,tripod
01716_trolley,1716,trolley
01717_trombone,1717,trombone
01718_trophy,1718,trophy
01719_trough,1719,trough
01720_trowel,1720,trowel
01721_truck,1721,truck
01722_trumpet,1722,trumpet
01723_trunk,1723,trunk
01724_tuba,1724,tuba
01725_tube_top,1725,tube_top
01726_tugboat,1726,tugboat
01727_tulip,1727,tulip
01728_tumbleweed,1728,tumbleweed
01729_tuning_fork,1729,tuning_fork
01730_tupperware,1730,tupperware
01731_turban,1731,turban
01732_turbine,1732,turbine
01733_turf,1733,turf
01734_turkey,1734,turkey
01735_turnstile,1735,turnstile
01736_turntable,1736,turntable
01737_turtle,1737,turtle
01738_turtleneck,1738,turtleneck
01739_tuxedo,1739,tuxedo
01740_tweezers,1740,tweezers
01741_twig,1741,twig
01742_typewriter,1742,typewriter
01743_ukulele,1743,ukulele
01744_umbrella,1744,umbrella
01745_undershirt,1745,undershirt
01746_underwear,1746,underwear
01747_unicycle,1747,unicycle
01748_uniform,1748,uniform
01749_urinal,1749,urinal
01750_urn,1750,urn
01751_vacuum,1751,vacuum
01752_valve,1752,valve
01753_van,1753,van
01754_vase,1754,vase
01755_vegetable,1755,vegetable
01756_veil,1756,veil
01757_velcro,1757,velcro
01758_vending_machine,1758,vending_machine
01759_vent,1759,vent
01760_vest,1760,vest
01761_vial,1761,vial
01762_videocassette,1762,videocassette
01763_videogame,1763,videogame
01764_viewfinder,1764,viewfinder
01765_violin,1765,violin
01766_vise,1766,vise
01767_visor,1767,visor
01768_volleyball,1768,volleyball
01769_vulture,1769,vulture
01770_wafer,1770,wafer
01771_waffle,1771,waffle
01772_waffle_iron,1772,waffle_iron
01773_wagon,1773,wagon
01774_walker1,1774,
01775_walker2,1775,
01776_wall,1776,wall
01777_wallet,1777,wallet
01778_wallpaper,1778,wallpaper
01779_walnut,1779,walnut
01780_walrus,1780,walrus
01781_wand,1781,wand
01782_warthog,1782,warthog
01783_washboard,1783,washboard
01784_washcloth,1784,washcloth
01785_washing_machine,1785,washing_machine
01786_wasp,1786,wasp
01787_watch,1787,watch
01788_water_bottle,1788,water_bottle
01789_water_cooler,1789,water_cooler
01790_water_filter,1790,water_filter
01791_water_fountain,1791,water_fountain
01792_water_heater,1792,water_heater
01793_watering_can,1793,watering_can
01794_watermelon,1794,watermelon
01795_waterwheel,1795,waterwheel
01796_wax,1796,wax
01797_wax_paper,1797,wax_paper
01798_weasel,1798,weasel
01799_weather_vane,1799,weather_vane
01800_webcam,1800,webcam
01801_wedding_cake,1801,wedding_cake
01802_wedge,1802,wedge
01803_weed,1803,weed
01804_wetsuit,1804,wetsuit
01805_whale,1805,whale
01806_wheat,1806,wheat
01807_wheel,1807,wheel
01808_wheelbarrow,1808,wheelbarrow
01809_wheelchair,1809,wheelchair
01810_whip,1810,whip
01811_whipped_cream,1811,whipped_cream
01812_whisk,1812,whisk
01813_whistle,1813,whistle
01814_whiteboard,1814,whiteboard
01815_whoopee_cushion,1815,whoopee_cushion
01816_wick,1816,wick
01817_wig,1817,wig
01818_wind_chimes,1818,wind_chimes
01819_window,1819,window
01820_windowsill,1820,windowsill
01821_windshield,1821,windshield
01822_windshield_wiper,1822,windshield_wiper
01823_windsock,1823,windsock
01824_wine,1824,wine
01825_wine_bottle,1825,wine_bottle
01826_wine_cooler,1826,wine_cooler
01827_wineglass,1827,wineglass
01828_wing,1828,wing
01829_wire,1829,wire
01830_wire_cutters,1830,wire_cutters
01831_wok,1831,wok
01832_wolf,1832,wolf
01833_woman,1833,woman
01834_wood,1834,wood
01835_wooden_leg,1835,wooden_leg
01836_workbench,1836,workbench
01837_worm,1837,worm
01838_wrap,1838,wrap
01839_wrapping_paper,1839,wrapping_paper
01840_wreath,1840,wreath
01841_wreck,1841,wreck
01842_wrench,1842,wrench
01843_wrist,1843,wrist
01844_xylophone,1844,xylophone
01845_yacht,1845,yacht
01846_yak,1846,yak
01847_yarn,1847,yarn
01848_yo-yo,1848,yo
01849_yogurt,1849,yogurt
01850_yoke,1850,yoke
01851_yolk,1851,yolk
01852_zebra,1852,zebra
01853_zipper,1853,zipper
01854_zucchini,1854,zucchini
